{
  "metadata": {
    "source": "ESS Round 9 (2018) multilevel analysis",
    "final_model": "Model 7: Ideology x Gini cross-level interaction with random ideology slopes",
    "n_individuals": 31393,
    "n_countries": 26,
    "estimation": "REML via statsmodels MixedLM"
  },
  "fixed_effects": {
    "Intercept": {
      "coef": 3.8531702084867647,
      "se": 0.04772511902350878,
      "p_value": 0.0,
      "ci_lower": 3.7596306940428,
      "ci_upper": 3.9467097229307293
    },
    "income_c": {
      "coef": -0.038681743372890716,
      "se": 0.0021436295334582587,
      "p_value": 8.640209431460694e-73,
      "ci_lower": -0.0428831800546653,
      "ci_upper": -0.03448030669111613
    },
    "education_c": {
      "coef": -0.00940835886048972,
      "se": 0.0013809030708659697,
      "p_value": 9.545607179038556e-12,
      "ci_lower": -0.012114879145527783,
      "ci_upper": -0.006701838575451657
    },
    "age_c": {
      "coef": 0.0028205839783309616,
      "se": 0.0003251965478938491,
      "p_value": 4.191308942105406e-18,
      "ci_lower": 0.0021832104565622625,
      "ci_upper": 0.0034579575000996607
    },
    "female": {
      "coef": 0.07754017389292328,
      "se": 0.010513787459279363,
      "p_value": 1.642287745158125e-13,
      "ci_lower": 0.056933529131626845,
      "ci_upper": 0.09814681865421972
    },
    "employed": {
      "coef": 0.025794751822050085,
      "se": 0.0124071022289702,
      "p_value": 0.03761448889560943,
      "ci_lower": 0.0014772783007618653,
      "ci_upper": 0.050112225343338306
    },
    "ideology_c": {
      "coef": -0.07904921075558524,
      "se": 0.01212631197065328,
      "p_value": 7.086396141321604e-11,
      "ci_lower": -0.1028163454833626,
      "ci_upper": -0.05528207602780788
    },
    "political_trust_c": {
      "coef": -0.02734300472320237,
      "se": 0.0022410438088333426,
      "p_value": 3.0698080088606187e-34,
      "ci_lower": -0.03173536987629219,
      "ci_upper": -0.022950639570112553
    },
    "meritocracy_index_c": {
      "coef": 0.09479500516161349,
      "se": 0.007872146360301266,
      "p_value": 2.1416583721636567e-33,
      "ci_lower": 0.07936588181439494,
      "ci_upper": 0.11022412850883204
    },
    "gini_z": {
      "coef": 0.08209703419834746,
      "se": 0.055195604686809514,
      "p_value": 0.1369135402213385,
      "ci_lower": -0.026084363092709395,
      "ci_upper": 0.19027843148940432
    },
    "gdp_per_capita_z": {
      "coef": 0.04310949329906633,
      "se": 0.05864031210883675,
      "p_value": 0.4622474415136365,
      "ci_lower": -0.07182340647644173,
      "ci_upper": 0.1580423930745744
    },
    "unemployment_rate_z": {
      "coef": 0.053952583100755985,
      "se": 0.048194347177450296,
      "p_value": 0.2629356368554122,
      "ci_lower": -0.04050660162546621,
      "ci_upper": 0.14841176782697818
    },
    "ideology_c:gini_z": {
      "coef": 0.02754836342098003,
      "se": 0.012231679476339755,
      "p_value": 0.024308732819080043,
      "ci_lower": 0.0035747121769163642,
      "ci_upper": 0.0515220146650437
    }
  },
  "income_gini_interaction_model5": {
    "coef": 0.0119492798080087,
    "se": 0.0037640483820132555,
    "p_value": 0.001500525462220443
  },
  "random_effects": {
    "country_intercept_variance": 0.0557975572198622,
    "ideology_slope_variance": 0.003644551961489007,
    "intercept_slope_covariance": 0.00799270605609813,
    "residual_variance": 0.8327567796975198,
    "icc_null_model": 0.0770417052789424,
    "icc_final_model": 0.06279588642090018
  },
  "country_parameters": {
    "AT": {
      "random_intercept": 0.13406419759763333,
      "random_slope_ideology": 0.005067583365452832,
      "gini": 30.8,
      "gdp_per_capita": 56636.4953030542,
      "unemployment_rate": 4.933,
      "ai_exposure_oecd": -0.0480977873079768,
      "gini_z_value": -0.1840127583779364,
      "gdp_per_capita_z_value": 0.6721808511692628,
      "unemployment_rate_z_value": -0.471658830756136,
      "ai_exposure_oecd_z_value": -0.0761863562983141,
      "welfare_regime": "Conservative/Corporatist",
      "voc_regime": "Coordinated Market Economies (CME)"
    },
    "BE": {
      "random_intercept": 0.031332782629261965,
      "random_slope_ideology": 0.01531982497428169,
      "gini": 27.2,
      "gdp_per_capita": 52466.7330784599,
      "unemployment_rate": 5.941,
      "ai_exposure_oecd": 0.0790956870192708,
      "gini_z_value": -1.1050802671621094,
      "gdp_per_capita_z_value": 0.4191715843245514,
      "unemployment_rate_z_value": -0.1664733053008125,
      "ai_exposure_oecd_z_value": 1.075108769237823,
      "welfare_regime": "Conservative/Corporatist",
      "voc_regime": "Coordinated Market Economies (CME)"
    },
    "BG": {
      "random_intercept": 0.08259858071171976,
      "random_slope_ideology": 0.01151563945239323,
      "gini": 41.3,
      "gdp_per_capita": 22605.8660391436,
      "unemployment_rate": 5.211,
      "ai_exposure_oecd": -0.1945818048008077,
      "gini_z_value": 2.5024341422425658,
      "gdp_per_capita_z_value": -1.392700572894175,
      "unemployment_rate_z_value": -0.3874906005214336,
      "ai_exposure_oecd_z_value": -1.4020903478391658,
      "welfare_regime": "Post-Communist",
      "voc_regime": "Dependent Market Economies (DME)"
    },
    "CH": {
      "random_intercept": -0.2821986953493748,
      "random_slope_ideology": -0.11010588631285145,
      "gini": 33.1,
      "gdp_per_capita": 70688.8187491194,
      "unemployment_rate": 4.713,
      "ai_exposure_oecd": 0.1358741276479391,
      "gini_z_value": 0.4044470389008406,
      "gdp_per_capita_z_value": 1.5248357175746554,
      "unemployment_rate_z_value": -0.5382667827404327,
      "ai_exposure_oecd_z_value": 1.589040339053629,
      "welfare_regime": "Conservative/Corporatist",
      "voc_regime": "Coordinated Market Economies (CME)"
    },
    "CY": {
      "random_intercept": 0.12410021023034827,
      "random_slope_ideology": 0.07442743294849236,
      "gini": 32.7,
      "gdp_per_capita": 37927.16796875,
      "unemployment_rate": 8.504,
      "ai_exposure_oecd": -0.0586993218839944,
      "gini_z_value": 0.3021062045914884,
      "gdp_per_capita_z_value": -0.4630477151240081,
      "unemployment_rate_z_value": 0.6095093353162447,
      "ai_exposure_oecd_z_value": -0.1721464292904959,
      "welfare_regime": "Mediterranean",
      "voc_regime": "Mediterranean Market Economies (MME)"
    },
    "CZ": {
      "random_intercept": -0.3517533306407513,
      "random_slope_ideology": -0.011009549587758521,
      "gini": 25.0,
      "gdp_per_capita": 41638.1831076596,
      "unemployment_rate": 2.246,
      "ai_exposure_oecd": -0.1334229274652029,
      "gini_z_value": -1.667954855863548,
      "gdp_per_capita_z_value": -0.2378739116857327,
      "unemployment_rate_z_value": -1.2851841352188875,
      "ai_exposure_oecd_z_value": -0.8485091383300506,
      "welfare_regime": "Post-Communist",
      "voc_regime": "Dependent Market Economies (DME)"
    },
    "DE": {
      "random_intercept": -0.012361153635139448,
      "random_slope_ideology": -0.003809664088521246,
      "gini": 31.9,
      "gdp_per_capita": 56273.0405627017,
      "unemployment_rate": 3.384,
      "ai_exposure_oecd": -0.0005754625921697,
      "gini_z_value": 0.0974245359727823,
      "gdp_per_capita_z_value": 0.6501274552117109,
      "unemployment_rate_z_value": -0.9406393654092072,
      "ai_exposure_oecd_z_value": 0.3539632334415555,
      "welfare_regime": "Conservative/Corporatist",
      "voc_regime": "Coordinated Market Economies (CME)"
    },
    "DK": {
      "random_intercept": -0.5834476856883656,
      "random_slope_ideology": -0.08040951523735959,
      "gini": 28.2,
      "gdp_per_capita": 57233.6231685618,
      "unemployment_rate": 5.131,
      "ai_exposure_oecd": 0.0371603178977545,
      "gini_z_value": -0.849228181388728,
      "gdp_per_capita_z_value": 0.7084128652091818,
      "unemployment_rate_z_value": -0.4117116739702688,